{
   "device_class" : "generic_tracker",
   "device_serial_number" : "LHR-F9FBEBDD",
   "firmware_config" : {
      "remap_channel_13" : 6,
      "remap_channel_14" : 7,
      "remap_channel_15" : 8,
      "remap_channel_16" : 9,
      "remap_channel_17" : 10,
      "remap_channel_23" : 11,
      "remap_channel_24" : 12,
      "remap_channel_25" : 13,
      "remap_channel_26" : 14,
      "remap_channel_27" : 15,
      "remap_channel_28" : 16,
      "remap_channel_29" : 17,
      "remap_channel_4" : 2,
      "remap_channel_5" : 3,
      "remap_channel_6" : 4,
      "remap_channel_7" : 5,
      "sensor_enable" : "0xFFFFFFFF",
      "sensor_env_on_pin_a" : "0xFFFFFF00"
   },
   "head" : {
      "plus_x" : [ 1, 0, 0 ],
      "plus_z" : [ 0, 0, 1 ],
      "position" : [ 0, 0, 0 ]
   },
   "imu" : {
      "plus_x" : [ 0.040157785345831698, -0.031960816476036769, -0.99868207493931216 ],
      "plus_z" : [ 0.78140480358183417, -0.62191029879265614, 0.051323885123897739 ],
      "position" : [ -0.0024401757400482893, -0.010472819209098816, 0.014289959333837032 ]
   },
   "input_profile" : "{tundra_labs}/input/tundra_tracker_profile.json",
   "lighthouse_config" : {
      "channelMap" : [ 9, 10, 11, 12, 13, 14, 15, 16, 17, 0, 1, 2, 3, 4, 5, 6, 7, 8 ],
      "modelNormals" : [
         [ -0.701289654, 0.0858565271, 0.707687378 ],
         [ 0.0331553407, 0.998586297, 0.0415471457 ],
         [ -0.0271429475, 0.99875164, 0.041934073 ],
         [ -0.499308169, 0.500690877, 0.707106769 ],
         [ -0.99875164, 0.0271429475, 0.041934073 ],
         [ -0.998586297, -0.0331553407, 0.0415471457 ],
         [ -0.396552056, 0.915698946, 0.0651297346 ],
         [ -0.809017003, 1.79629523e-16, 0.587785244 ],
         [ 0.00223558443, -0.808403313, 0.588624775 ],
         [ 0.676755309, -0.202930525, 0.707687378 ],
         [ -0.0331553407, -0.998586297, 0.0415471457 ],
         [ 0.0271429475, -0.99875164, 0.041934073 ],
         [ 0.502069771, -0.497921646, 0.707106769 ],
         [ 0.99875164, -0.0271429475, 0.041934073 ],
         [ 0.998586297, 0.0331553407, 0.0415471457 ],
         [ 0.396552056, -0.915698946, 0.0651297346 ],
         [ 0.809017003, 1.49383842e-16, 0.587785244 ],
         [ 0.00222941348, 0.806171894, 0.591677189 ]
      ],
      "modelPoints" : [
         [ 0.00343376165, 0.0196853708, 0.0105596986 ],
         [ 0.0127648888, 0.0239211973, 0.0032968265 ],
         [ -0.0105421422, 0.0245406665, 0.00231592264 ],
         [ -0.0192278996, 0.0187037606, 0.00581068033 ],
         [ -0.0243376046, 0.0102256024, 0.00218804437 ],
         [ -0.024206318, -0.0128763858, 0.00421667472 ],
         [ -0.0152297411, -0.00689035887, 0.0220953897 ],
         [ -0.0205949806, -0.0124598211, 0.0212813187 ],
         [ -0.0140261222, -0.0209743399, 0.0208516214 ],
         [ -0.00340472255, -0.0196199305, 0.011020883 ],
         [ -0.0128736915, -0.023982808, 0.00295838877 ],
         [ 0.0102692684, -0.0245399401, 0.00229473691 ],
         [ 0.0192843638, -0.0188355707, 0.00591965578 ],
         [ 0.0243506581, -0.010030238, 0.00231231446 ],
         [ 0.02392474, 0.0129432594, 0.0040832106 ],
         [ 0.0156641472, 0.00700839935, 0.0222324952 ],
         [ 0.0206063315, 0.0126274116, 0.021508364 ],
         [ 0.0134076951, 0.0202084202, 0.021453416 ]
      ]
   },
   "manufacturer" : "Tundra Labs",
   "model_number" : "Tundra Tracker",
   "render_model" : "{tundra_labs}tundra_tracker",
   "resource_root" : "tundra_labs",
   "revision" : 2
}
