{
   "base_stations" : [
      {
         "config" : {
            "baseCalibration" : [
               -0.057464599609375,
               0,
               0.2314453125,
               2.92578125,
               0.0006847381591796875,
               1.2197265625,
               -0.1822509765625,
               0.04742431640625,
               -0.0018529891967773438,
               0.474365234375,
               0.70361328125,
               -0.004222869873046875,
               2.6328125,
               -0.10675048828125
            ],
            "modelId" : 15,
            "ootxVersion" : 8,
            "serialNumber" : 4541212
         },
         "dynamic_states" : [
            {
               "dynamic_state" : {
                  "basestation_mode" : 4,
                  "faults" : 0,
                  "firmware_version" : 3002,
                  "gravity_vector" : [ -0.0157416891, 0.999597251, -0.0236125328 ],
                  "nonce" : 591,
                  "reset_count" : 1,
                  "sobChannel" : 10
               },
               "first_id" : 1,
               "last_id" : 1,
               "tilt" : {
                  "pitch" : -0.0494385138,
                  "roll" : 0.0103748012,
                  "variance" : 1.82259082e-05
               },
               "time_last_seen" : "1732402497"
            },
            {
               "dynamic_state" : {
                  "basestation_mode" : 4,
                  "faults" : 0,
                  "firmware_version" : 3002,
                  "gravity_vector" : [ 0, 0.999225974, -0.0393396057 ],
                  "nonce" : 62730,
                  "reset_count" : 2,
                  "sobChannel" : 10
               },
               "first_id" : 1,
               "last_id" : 1,
               "tilt" : {
                  "pitch" : -0.0186109003,
                  "roll" : -0.00146993576,
                  "variance" : 1.9579933e-05
               },
               "time_last_seen" : "1733611859"
            },
            {
               "dynamic_state" : {
                  "basestation_mode" : 4,
                  "faults" : 0,
                  "firmware_version" : 3002,
                  "gravity_vector" : [ 0, 0.999225974, -0.0393396057 ],
                  "nonce" : 53011,
                  "reset_count" : 1,
                  "sobChannel" : 10
               },
               "first_id" : 1,
               "last_id" : 1,
               "tilt" : {
                  "pitch" : -0.0283887256,
                  "roll" : -0.0208184123,
                  "variance" : 1.15057592e-05
               },
               "time_last_seen" : "1736481598"
            },
            {
               "dynamic_state" : {
                  "basestation_mode" : 4,
                  "faults" : 0,
                  "firmware_version" : 3002,
                  "gravity_vector" : [ 0, 0.999504387, -0.0314804539 ],
                  "nonce" : 55632,
                  "reset_count" : 1,
                  "sobChannel" : 10
               },
               "first_id" : 1,
               "last_id" : 1,
               "tilt" : {
                  "pitch" : -0.0283887256,
                  "roll" : -0.0208184123,
                  "variance" : 1.15057592e-05
               },
               "time_last_seen" : "1736484616"
            },
            {
               "dynamic_state" : {
                  "basestation_mode" : 4,
                  "faults" : 0,
                  "firmware_version" : 3002,
                  "gravity_vector" : [ 0, 0.99972111, -0.023615459 ],
                  "nonce" : 59905,
                  "reset_count" : 1,
                  "sobChannel" : 10
               },
               "first_id" : 1,
               "last_id" : 1,
               "tilt" : {
                  "pitch" : -0.0285139494,
                  "roll" : 0.00117830269,
                  "variance" : 1.67884264e-06
               },
               "time_last_seen" : "1736631762"
            },
            {
               "dynamic_state" : {
                  "basestation_mode" : 4,
                  "faults" : 0,
                  "firmware_version" : 3002,
                  "gravity_vector" : [ 0, 0.99888593, -0.0471914597 ],
                  "nonce" : 59905,
                  "reset_count" : 2,
                  "sobChannel" : 10
               },
               "first_id" : 1,
               "last_id" : 1,
               "tilt" : {
                  "pitch" : -0.0836283788,
                  "roll" : 0.0048895441,
                  "variance" : 1.72616456e-05
               },
               "time_last_seen" : "1736639005"
            },
            {
               "dynamic_state" : {
                  "basestation_mode" : 4,
                  "faults" : 0,
                  "firmware_version" : 3002,
                  "gravity_vector" : [ -0.023556415, 0.997221589, -0.0706692412 ],
                  "nonce" : 33782,
                  "reset_count" : 1,
                  "sobChannel" : 10
               },
               "first_id" : 1,
               "last_id" : 1,
               "tilt" : {
                  "pitch" : -0.0907802731,
                  "roll" : 0.0160839092,
                  "variance" : 1.79834797e-06
               },
               "time_last_seen" : "1737083985"
            },
            {
               "dynamic_state" : {
                  "basestation_mode" : 4,
                  "faults" : 0,
                  "firmware_version" : 3002,
                  "gravity_vector" : [ -0.0078581972, 0.997991085, -0.0628655776 ],
                  "nonce" : 29899,
                  "reset_count" : 1,
                  "sobChannel" : 10
               },
               "first_id" : 1,
               "last_id" : 1,
               "tilt" : {
                  "pitch" : -0.0403099805,
                  "roll" : -0.0245957822,
                  "variance" : 1.83660381e-06
               },
               "time_last_seen" : "1737084986"
            },
            {
               "dynamic_state" : {
                  "basestation_mode" : 4,
                  "faults" : 0,
                  "firmware_version" : 3002,
                  "gravity_vector" : [ -0.0078581972, 0.997991085, -0.0628655776 ],
                  "nonce" : 46997,
                  "reset_count" : 1,
                  "sobChannel" : 10
               },
               "first_id" : 1,
               "last_id" : 1,
               "tilt" : {
                  "pitch" : -0.0760730356,
                  "roll" : -0.0196594149,
                  "variance" : 3.2366981e-05
               },
               "time_last_seen" : "1737085561"
            },
            {
               "dynamic_state" : {
                  "basestation_mode" : 4,
                  "faults" : 0,
                  "firmware_version" : 3002,
                  "gravity_vector" : [ 0, 0.999225974, -0.0393396057 ],
                  "nonce" : 54901,
                  "reset_count" : 1,
                  "sobChannel" : 10
               },
               "first_id" : 1,
               "last_id" : 1,
               "tilt" : {
                  "pitch" : -0.0677508116,
                  "roll" : 0.0518482961,
                  "variance" : 1.53754763e-06
               },
               "time_last_seen" : "1737085829"
            }
         ]
      },
      {
         "config" : {
            "baseCalibration" : [
               -0.0592041015625,
               0,
               0.78271484375,
               2.927734375,
               0.0035839080810546875,
               2.27734375,
               -0.322998046875,
               0.048919677734375,
               -0.00015294551849365234,
               0.59619140625,
               0.81396484375,
               -0.006267547607421875,
               0.1453857421875,
               0.13525390625
            ],
            "modelId" : 15,
            "ootxVersion" : 8,