{
   "base_stations" : [
      {
         "config" : {
            "baseCalibration" : [
               -0.057464599609375,
               0,
               0.2314453125,
               2.92578125,
               0.0006847381591796875,
               1.2197265625,
               -0.1822509765625,
               0.04742431640625,
               -0.0018529891967773438,
               0.474365234375,
               0.70361328125,
               -0.004222869873046875,
               2.6328125,
               -0.10675048828125
            ],
            "modelId" : 15,
            "ootxVersion" : 8,
            "serialNumber" : 4541212
         },
         "dynamic_states" : [
            {
               "dynamic_state" : {
                  "basestation_mode" : 4,
                  "faults" : 0,
                  "firmware_version" : 3002,
                  "gravity_vector" : [ -0.00787157658, 0.999690175, -0.0236147288 ],
                  "nonce" : 56957,
                  "reset_count" : 15,
                  "sobChannel" : 10
               },
               "first_id" : 1,
               "last_id" : 1,
               "tilt" : {
                  "pitch" : -0.0376378894,
                  "roll" : 0.0289469473,
                  "variance" : 1.74012002e-05
               },
               "time_last_seen" : "1731794861"
            },
            {
               "dynamic_state" : {
                  "basestation_mode" : 4,
                  "faults" : 0,
                  "firmware_version" : 3002,
                  "gravity_vector" : [ -0.0157441273, 0.999752104, -0.0157441273 ],
                  "nonce" : 56957,
                  "reset_count" : 17,
                  "sobChannel" : 10
               },
               "first_id" : 1,
               "last_id" : 1,
               "tilt" : {
                  "pitch" : -0.0262010619,
                  "roll" : 0.0132349385,
                  "variance" : 1.35800465e-05
               },
               "time_last_seen" : "1731797568"
            },
            {
               "dynamic_state" : {
                  "basestation_mode" : 4,
                  "faults" : 0,
                  "firmware_version" : 3002,
                  "gravity_vector" : [ -0.0236147288, 0.999690175, -0.00787157658 ],
                  "nonce" : 63348,
                  "reset_count" : 11,
                  "sobChannel" : 10
               },
               "first_id" : 1,
               "last_id" : 1,
               "tilt" : {
                  "pitch" : -0.0334427468,
                  "roll" : 0.0248769466,
                  "variance" : 1.55450277e-06
               },
               "time_last_seen" : "1732399743"
            },
            {
               "dynamic_state" : {
                  "basestation_mode" : 4,
                  "faults" : 0,
                  "firmware_version" : 3002,
                  "gravity_vector" : [ -0.0157441273, 0.999752104, -0.0157441273 ],
                  "nonce" : 37259,
                  "reset_count" : 1,
                  "sobChannel" : 10
               },
               "first_id" : 1,
               "last_id" : 1,
               "tilt" : {
                  "pitch" : 0.0671958476,
                  "roll" : 0.00975619443,
                  "variance" : 1.69641753e-05
               },
               "time_last_seen" : "1732400739"
            },
            {
               "dynamic_state" : {
                  "basestation_mode" : 4,
                  "faults" : 0,
                  "firmware_version" : 3002,
                  "gravity_vector" : [ -0.0157416891, 0.999597251, -0.0236125328 ],
                  "nonce" : 591,
                  "reset_count" : 1,
                  "sobChannel" : 10
               },
               "first_id" : 1,
               "last_id" : 1,
               "tilt" : {
                  "pitch" : -0.0494385138,
                  "roll" : 0.0103748012,
                  "variance" : 1.82259082e-05
               },
               "time_last_seen" : "1732402497"
            },
            {
               "dynamic_state" : {
                  "basestation_mode" : 4,
                  "faults" : 0,
                  "firmware_version" : 3002,
                  "gravity_vector" : [ 0, 0.999225974, -0.0393396057 ],
                  "nonce" : 62730,
                  "reset_count" : 2,
                  "sobChannel" : 10
               },
               "first_id" : 1,
               "last_id" : 1,
               "tilt" : {
                  "pitch" : -0.0186109003,
                  "roll" : -0.00146993576,
                  "variance" : 1.9579933e-05
               },
               "time_last_seen" : "1733611859"
            },
            {
               "dynamic_state" : {
                  "basestation_mode" : 4,
                  "faults" : 0,
                  "firmware_version" : 3002,
                  "gravity_vector" : [ 0, 0.999225974, -0.0393396057 ],
                  "nonce" : 53011,
                  "reset_count" : 1,
                  "sobChannel" : 10
               },
               "first_id" : 1,
               "last_id" : 1,
               "tilt" : {
                  "pitch" : -0.0283887256,
                  "roll" : -0.0208184123,
                  "variance" : 1.15057592e-05
               },
               "time_last_seen" : "1736481598"
            },
            {
               "dynamic_state" : {
                  "basestation_mode" : 4,
                  "faults" : 0,
                  "firmware_version" : 3002,
                  "gravity_vector" : [ 0, 0.999504387, -0.0314804539 ],
                  "nonce" : 55632,
                  "reset_count" : 1,
                  "sobChannel" : 10
               },
               "first_id" : 1,
               "last_id" : 1,
               "tilt" : {
                  "pitch" : -0.0283887256,
                  "roll" : -0.0208184123,
                  "variance" : 1.15057592e-05
               },
               "time_last_seen" : "1736484616"
            },
            {
               "dynamic_state" : {
                  "basestation_mode" : 4,
                  "faults" : 0,
                  "firmware_version" : 3002,
                  "gravity_vector" : [ 0, 0.99972111, -0.023615459 ],
                  "nonce" : 59905,
                  "reset_count" : 1,
                  "sobChannel" : 10
               },
               "first_id" : 1,
               "last_id" : 1,
               "tilt" : {
                  "pitch" : -0.0285139494,
                  "roll" : 0.00117830269,
                  "variance" : 1.67884264e-06
               },
               "time_last_seen" : "1736631762"
            },
            {
               "dynamic_state" : {
                  "basestation_mode" : 4,
                  "faults" : 0,
                  "firmware_version" : 3002,
                  "gravity_vector" : [ 0, 0.99888593, -0.0471914597 ],
                  "nonce" : 59905,
                  "reset_count" : 2,
                  "sobChannel" : 10
               },
               "first_id" : 1,
               "last_id" : 1,
               "tilt" : {
                  "pitch" : -0.00833235681,
                  "roll" : 0.05202315,
                  "variance" : 5.94494668e-05
               },
               "time_last_seen" : "1736639005"
            }
         ]
      },
      {
         "config" : {
            "baseCalibration" : [
               -0.0592041015625,
               0,
               0.78271484375,
               2.927734375,
               0.0035839080810546875,
               2.27734375,
               -0.322998046875,
               0.048919677734375,
               -0.00015294551849365234,
               0.59619140625,
               0.81396484375,
               -0.006267547607421875,
               0.1453857421875,
               0.13525390625
            ],
            "modelId" : 15,
            "ootxVersion" : 8,