{
   "base_stations" : [
      {
         "config" : {
            "baseCalibration" : [
               -0.057464599609375,
               0,
               0.2314453125,
               2.92578125,
               0.0006847381591796875,
               1.2197265625,
               -0.1822509765625,
               0.04742431640625,
               -0.0018529891967773438,
               0.474365234375,
               0.70361328125,
               -0.004222869873046875,
               2.6328125,
               -0.10675048828125
            ],
            "modelId" : 15,
            "ootxVersion" : 8,
            "serialNumber" : 4541212
         },
         "dynamic_states" : [
            {
               "dynamic_state" : {
                  "basestation_mode" : 4,
                  "faults" : 0,
                  "firmware_version" : 3002,
                  "gravity_vector" : [ -0.0235796887, 0.998206854, -0.0550192744 ],
                  "nonce" : 48180,
                  "reset_count" : 2,
                  "sobChannel" : 10
               },
               "first_id" : 1,
               "last_id" : 1,
               "tilt" : {
                  "pitch" : -0.030203145,
                  "roll" : 0.0188186765,
                  "variance" : 39.4784203
               },
               "time_last_seen" : "1739048515"
            },
            {
               "dynamic_state" : {
                  "basestation_mode" : 4,
                  "faults" : 0,
                  "firmware_version" : 3002,
                  "gravity_vector" : [ -0.0314794779, 0.999473393, -0.00786986947 ],
                  "nonce" : 48180,
                  "reset_count" : 4,
                  "sobChannel" : 10
               },
               "first_id" : 1,
               "last_id" : 1,
               "tilt" : {
                  "pitch" : -0.0256927516,
                  "roll" : 0.0186224375,
                  "variance" : 3.07388436e-05
               },
               "time_last_seen" : "1739062608"
            },
            {
               "dynamic_state" : {
                  "basestation_mode" : 4,
                  "faults" : 0,
                  "firmware_version" : 3002,
                  "gravity_vector" : [ 0.0314765535, 0.999380589, -0.0157382768 ],
                  "nonce" : 29592,
                  "reset_count" : 1,
                  "sobChannel" : 10
               },
               "first_id" : 1,
               "last_id" : 1,
               "tilt" : {
                  "pitch" : -0.0256927516,
                  "roll" : 0.0186224375,
                  "variance" : 39.4784203
               },
               "time_last_seen" : "1739506195"
            },
            {
               "dynamic_state" : {
                  "basestation_mode" : 4,
                  "faults" : 0,
                  "firmware_version" : 3002,
                  "gravity_vector" : [ 0.0314804539, 0.999504387, 0 ],
                  "nonce" : 28711,
                  "reset_count" : 1,
                  "sobChannel" : 10
               },
               "first_id" : 1,
               "last_id" : 1,
               "tilt" : {
                  "pitch" : -0.0256927516,
                  "roll" : 0.0186224375,
                  "variance" : 39.4784203
               },
               "time_last_seen" : "1739508198"
            },
            {
               "dynamic_state" : {
                  "basestation_mode" : 4,
                  "faults" : 0,
                  "firmware_version" : 3002,
                  "gravity_vector" : [ 0.0471899994, 0.998854995, 0.00786499958 ],
                  "nonce" : 28711,
                  "reset_count" : 5,
                  "sobChannel" : 10
               },
               "first_id" : 1,
               "last_id" : 1,
               "tilt" : {
                  "pitch" : -0.0594648309,
                  "roll" : -0.028424101,
                  "variance" : 3.43582687e-05
               },
               "time_last_seen" : "1739508476"
            },
            {
               "dynamic_state" : {
                  "basestation_mode" : 4,
                  "faults" : 0,
                  "firmware_version" : 3002,
                  "gravity_vector" : [ -0.0157285407, 0.998762369, -0.0471856222 ],
                  "nonce" : 12702,
                  "reset_count" : 1,
                  "sobChannel" : 10
               },
               "first_id" : 1,
               "last_id" : 1,
               "tilt" : {
                  "pitch" : -0.0573141463,
                  "roll" : 0.0235975012,
                  "variance" : 1.56515143e-05
               },
               "time_last_seen" : "1739643469"
            },
            {
               "dynamic_state" : {
                  "basestation_mode" : 4,
                  "faults" : 0,
                  "firmware_version" : 3002,
                  "gravity_vector" : [ 0, 0.999504328, -0.0314804502 ],
                  "nonce" : 5034,
                  "reset_count" : 1,
                  "sobChannel" : 10
               },
               "first_id" : 1,
               "last_id" : 1,
               "tilt" : {
                  "pitch" : -0.0558997616,
                  "roll" : -0.0149599668,
                  "variance" : 3.18505881e-05
               },
               "time_last_seen" : "1739646273"
            },
            {
               "dynamic_state" : {
                  "basestation_mode" : 4,
                  "faults" : 0,
                  "firmware_version" : 3002,
                  "gravity_vector" : [ 0, 0.999225974, -0.0393396057 ],
                  "nonce" : 58666,
                  "reset_count" : 1,
                  "sobChannel" : 10
               },
               "first_id" : 1,
               "last_id" : 1,
               "tilt" : {
                  "pitch" : -0.0558997616,
                  "roll" : -0.0149599668,
                  "variance" : 3.18505881e-05
               },
               "time_last_seen" : "1739646447"
            },
            {
               "dynamic_state" : {
                  "basestation_mode" : 4,
                  "faults" : 0,
                  "firmware_version" : 3002,
                  "gravity_vector" : [ 0, 0.999504328, -0.0314804502 ],
                  "nonce" : 62481,
                  "reset_count" : 1,
                  "sobChannel" : 10
               },
               "first_id" : 1,
               "last_id" : 1,
               "tilt" : {
                  "pitch" : -0.111920901,
                  "roll" : -0.0386924297,
                  "variance" : 3.85895582e-05
               },
               "time_last_seen" : "1739650789"
            },
            {
               "dynamic_state" : {
                  "basestation_mode" : 4,
                  "faults" : 0,
                  "firmware_version" : 3002,
                  "gravity_vector" : [ 0, 0.999504328, -0.0314804502 ],
                  "nonce" : 27681,
                  "reset_count" : 1,
                  "sobChannel" : 10
               },
               "first_id" : 1,
               "last_id" : 1,
               "tilt" : {
                  "pitch" : -0.024105493,
                  "roll" : -0.0052966103,
                  "variance" : 8.34867387e-05
               },
               "time_last_seen" : "1739658528"
            }
         ]
      },
      {
         "config" : {
            "baseCalibration" : [
               -0.0592041015625,
               0,
               0.78271484375,
               2.927734375,
               0.0035839080810546875,
               2.27734375,
               -0.322998046875,
               0.048919677734375,
               -0.00015294551849365234,
               0.59619140625,
               0.81396484375,
               -0.006267547607421875,
               0.1453857421875,
               0.13525390625
            ],
            "modelId" : 15,
            "ootxVersion" : 8,