{
   "base_stations" : [
      {
         "config" : {
            "baseCalibration" : [
               -0.057464599609375,
               0,
               0.2314453125,
               2.92578125,
               0.0006847381591796875,
               1.2197265625,
               -0.1822509765625,
               0.04742431640625,
               -0.0018529891967773438,
               0.474365234375,
               0.70361328125,
               -0.004222869873046875,
               2.6328125,
               -0.10675048828125
            ],
            "modelId" : 15,
            "ootxVersion" : 8,
            "serialNumber" : 4541212
         },
         "dynamic_states" : [
            {
               "dynamic_state" : {
                  "basestation_mode" : 4,
                  "faults" : 0,
                  "firmware_version" : 3002,
                  "gravity_vector" : [ -0.0157416891, 0.999597251, -0.0236125328 ],
                  "nonce" : 42332,
                  "reset_count" : 1,
                  "sobChannel" : 10
               },
               "first_id" : 1,
               "last_id" : 1,
               "tilt" : {
                  "pitch" : 0.0251463279,
                  "roll" : 0.0549314059,
                  "variance" : 39.4784203
               },
               "time_last_seen" : "1739043317"
            },
            {
               "dynamic_state" : {
                  "basestation_mode" : 4,
                  "faults" : 0,
                  "firmware_version" : 3002,
                  "gravity_vector" : [ -0.0157382768, 0.999380589, -0.0314765535 ],
                  "nonce" : 42332,
                  "reset_count" : 4,
                  "sobChannel" : 10
               },
               "first_id" : 1,
               "last_id" : 1,
               "tilt" : {
                  "pitch" : 0.0251463279,
                  "roll" : 0.0549314059,
                  "variance" : 39.4784203
               },
               "time_last_seen" : "1739043340"
            },
            {
               "dynamic_state" : {
                  "basestation_mode" : 4,
                  "faults" : 0,
                  "firmware_version" : 3002,
                  "gravity_vector" : [ -0.0157460794, 0.999876022, 0 ],
                  "nonce" : 40786,
                  "reset_count" : 1,
                  "sobChannel" : 10
               },
               "first_id" : 1,
               "last_id" : 1,
               "tilt" : {
                  "pitch" : 0.0251463279,
                  "roll" : 0.0549314059,
                  "variance" : 39.4784203
               },
               "time_last_seen" : "1739045418"
            },
            {
               "dynamic_state" : {
                  "basestation_mode" : 4,
                  "faults" : 0,
                  "firmware_version" : 3002,
                  "gravity_vector" : [ -0.00787352771, 0.999938011, -0.00787352771 ],
                  "nonce" : 6706,
                  "reset_count" : 1,
                  "sobChannel" : 10
               },
               "first_id" : 1,
               "last_id" : 1,
               "tilt" : {
                  "pitch" : 0.0251463279,
                  "roll" : 0.0549314059,
                  "variance" : 39.4784203
               },
               "time_last_seen" : "1739045713"
            },
            {
               "dynamic_state" : {
                  "basestation_mode" : 4,
                  "faults" : 0,
                  "firmware_version" : 3002,
                  "gravity_vector" : [ 0.0156975053, 0.996791542, -0.0784875229 ],
                  "nonce" : 6706,
                  "reset_count" : 4,
                  "sobChannel" : 10
               },
               "first_id" : 1,
               "last_id" : 1,
               "tilt" : {
                  "pitch" : -0.030203145,
                  "roll" : 0.0188186765,
                  "variance" : 4.32231463e-05
               },
               "time_last_seen" : "1739047730"
            },
            {
               "dynamic_state" : {
                  "basestation_mode" : 4,
                  "faults" : 0,
                  "firmware_version" : 3002,
                  "gravity_vector" : [ -0.0236154608, 0.999721169, 0 ],
                  "nonce" : 48180,
                  "reset_count" : 1,
                  "sobChannel" : 10
               },
               "first_id" : 1,
               "last_id" : 1,
               "tilt" : {
                  "pitch" : -0.030203145,
                  "roll" : 0.0188186765,
                  "variance" : 39.4784203
               },
               "time_last_seen" : "1739048502"
            },
            {
               "dynamic_state" : {
                  "basestation_mode" : 4,
                  "faults" : 0,
                  "firmware_version" : 3002,
                  "gravity_vector" : [ -0.0235796887, 0.998206854, -0.0550192744 ],
                  "nonce" : 48180,
                  "reset_count" : 2,
                  "sobChannel" : 10
               },
               "first_id" : 1,
               "last_id" : 1,
               "tilt" : {
                  "pitch" : -0.030203145,
                  "roll" : 0.0188186765,
                  "variance" : 39.4784203
               },
               "time_last_seen" : "1739048515"
            },
            {
               "dynamic_state" : {
                  "basestation_mode" : 4,
                  "faults" : 0,
                  "firmware_version" : 3002,
                  "gravity_vector" : [ -0.0314794779, 0.999473393, -0.00786986947 ],
                  "nonce" : 48180,
                  "reset_count" : 4,
                  "sobChannel" : 10
               },
               "first_id" : 1,
               "last_id" : 1,
               "tilt" : {
                  "pitch" : -0.0256927516,
                  "roll" : 0.0186224375,
                  "variance" : 3.07388436e-05
               },
               "time_last_seen" : "1739062608"
            },
            {
               "dynamic_state" : {
                  "basestation_mode" : 4,
                  "faults" : 0,
                  "firmware_version" : 3002,
                  "gravity_vector" : [ 0.0314765535, 0.999380589, -0.0157382768 ],
                  "nonce" : 29592,
                  "reset_count" : 1,
                  "sobChannel" : 10
               },
               "first_id" : 1,
               "last_id" : 1,
               "tilt" : {
                  "pitch" : -0.0256927516,
                  "roll" : 0.0186224375,
                  "variance" : 39.4784203
               },
               "time_last_seen" : "1739506195"
            },
            {
               "dynamic_state" : {
                  "basestation_mode" : 4,
                  "faults" : 0,
                  "firmware_version" : 3002,
                  "gravity_vector" : [ 0.0314804502, 0.999504328, 0 ],
                  "nonce" : 28711,
                  "reset_count" : 1,
                  "sobChannel" : 10
               },
               "first_id" : 1,
               "last_id" : 1,
               "tilt" : {
                  "pitch" : -0.0256927516,
                  "roll" : 0.0186224375,
                  "variance" : 39.4784203
               },
               "time_last_seen" : "1739508198"
            }
         ]
      },
      {
         "config" : {
            "baseCalibration" : [
               -0.0592041015625,
               0,
               0.78271484375,
               2.927734375,
               0.0035839080810546875,
               2.27734375,
               -0.322998046875,
               0.048919677734375,
               -0.00015294551849365234,
               0.59619140625,
               0.81396484375,
               -0.006267547607421875,
               0.1453857421875,
               0.13525390625
            ],
            "modelId" : 15,
            "ootxVersion" : 8,