{
   "base_stations" : [
      {
         "config" : {
            "baseCalibration" : [
               -0.057464599609375,
               0,
               0.2314453125,
               2.92578125,
               0.0006847381591796875,
               1.2197265625,
               -0.1822509765625,
               0.04742431640625,
               -0.0018529891967773438,
               0.474365234375,
               0.70361328125,
               -0.004222869873046875,
               2.6328125,
               -0.10675048828125
            ],
            "modelId" : 15,
            "ootxVersion" : 8,
            "serialNumber" : 4541212
         },
         "dynamic_states" : [
            {
               "dynamic_state" : {
                  "basestation_mode" : 4,
                  "faults" : 0,
                  "firmware_version" : 3002,
                  "gravity_vector" : [ 0.0157455932, 0.999845088, -0.00787279662 ],
                  "nonce" : 18230,
                  "reset_count" : 1,
                  "sobChannel" : 10
               },
               "first_id" : 1,
               "last_id" : 1,
               "tilt" : {
                  "pitch" : 9.75515941e-05,
                  "roll" : -0.0130027095,
                  "variance" : 1.51739705e-05
               },
               "time_last_seen" : "1729372668"
            },
            {
               "dynamic_state" : {
                  "basestation_mode" : 4,
                  "faults" : 0,
                  "firmware_version" : 3002,
                  "gravity_vector" : [ 0.0236125328, 0.999597251, 0.0157416891 ],
                  "nonce" : 18230,
                  "reset_count" : 5,
                  "sobChannel" : 10
               },
               "first_id" : 1,
               "last_id" : 1,
               "tilt" : {
                  "pitch" : 0.0327377804,
                  "roll" : -0.0037836323,
                  "variance" : 1.14841496e-05
               },
               "time_last_seen" : "1729373351"
            },
            {
               "dynamic_state" : {
                  "basestation_mode" : 4,
                  "faults" : 0,
                  "firmware_version" : 3002,
                  "gravity_vector" : [ 0.0314794779, 0.999473393, 0.00786986947 ],
                  "nonce" : 18230,
                  "reset_count" : 6,
                  "sobChannel" : 10
               },
               "first_id" : 1,
               "last_id" : 1,
               "tilt" : {
                  "pitch" : -0.111965634,
                  "roll" : -0.0116096484,
                  "variance" : 1.08728382e-05
               },
               "time_last_seen" : "1729374580"
            },
            {
               "dynamic_state" : {
                  "basestation_mode" : 4,
                  "faults" : 0,
                  "firmware_version" : 3002,
                  "gravity_vector" : [ -0.00786499958, 0.998854995, -0.0471899994 ],
                  "nonce" : 49225,
                  "reset_count" : 2,
                  "sobChannel" : 10
               },
               "first_id" : 1,
               "last_id" : 1,
               "tilt" : {
                  "pitch" : -2.35249591,
                  "roll" : 1.77336538,
                  "variance" : 4.01639663e-05
               },
               "time_last_seen" : "1729979719"
            },
            {
               "dynamic_state" : {
                  "basestation_mode" : 4,
                  "faults" : 0,
                  "firmware_version" : 3002,
                  "gravity_vector" : [ -0.00787157658, -0.999690175, -0.0236147288 ],
                  "nonce" : 9843,
                  "reset_count" : 2,
                  "sobChannel" : 10
               },
               "first_id" : 1,
               "last_id" : 1,
               "tilt" : {
                  "pitch" : -3.099684,
                  "roll" : 0.520589769,
                  "variance" : 0.000174805173
               },
               "time_last_seen" : "1730584593"
            }
         ]
      },
      {
         "config" : {
            "baseCalibration" : [
               -0.0592041015625,
               0,
               0.78271484375,
               2.927734375,
               0.0035839080810546875,
               2.27734375,
               -0.322998046875,
               0.048919677734375,
               -0.00015294551849365234,
               0.59619140625,
               0.81396484375,
               -0.006267547607421875,
               0.1453857421875,
               0.13525390625
            ],
            "modelId" : 15,
            "ootxVersion" : 8,
            "serialNumber" : 2397018737
         },
         "dynamic_states" : [
            {
               "dynamic_state" : {
                  "basestation_mode" : 4,
                  "faults" : 0,
                  "firmware_version" : 3002,
                  "gravity_vector" : [ 0.0471856222, 0.998762369, -0.0157285407 ],
                  "nonce" : 28547,
                  "reset_count" : 18,
                  "sobChannel" : 0
               },
               "first_id" : 1,
               "last_id" : 1,
               "tilt" : {
                  "pitch" : -0.137045339,
                  "roll" : 0.144988984,
                  "variance" : 5.64321817e-06
               },
               "time_last_seen" : "1729374712"
            },
            {
               "dynamic_state" : {
                  "basestation_mode" : 4,
                  "faults" : 0,
                  "firmware_version" : 3002,
                  "gravity_vector" : [ 0.0157441273, 0.999752104, -0.0157441273 ],
                  "nonce" : 32009,
                  "reset_count" : 1,
                  "sobChannel" : 0
               },
               "first_id" : 1,
               "last_id" : 1,
               "tilt" : {
                  "pitch" : -0.137045339,
                  "roll" : 0.144988984,
                  "variance" : 39.4784203
               },
               "time_last_seen" : "1729969276"
            },
            {
               "dynamic_state" : {
                  "basestation_mode" : 4,
                  "faults" : 0,
                  "firmware_version" : 3002,
                  "gravity_vector" : [ 0.0314794779, 0.999473393, -0.00786986947 ],
                  "nonce" : 32009,
                  "reset_count" : 2,
                  "sobChannel" : 0
               },
               "first_id" : 1,
               "last_id" : 1,
               "tilt" : {
                  "pitch" : -0.137045339,
                  "roll" : 0.144988984,
                  "variance" : 39.4784203
               },
               "time_last_seen" : "1729975008"
            },
            {
               "dynamic_state" : {
                  "basestation_mode" : 4,
                  "faults" : 0,
                  "firmware_version" : 3002,
                  "gravity_vector" : [ 0.0471914597, 0.99888593, 0 ],
                  "nonce" : 32009,
                  "reset_count" : 3,
                  "sobChannel" : 0
               },
               "first_id" : 1,
               "last_id" : 1,
               "tilt" : {
                  "pitch" : -0.0377921909,
                  "roll" : -0.0152014112,
                  "variance" : 7.94476091e-06
               },
               "time_last_seen" : "1729979718"
            },
            {
               "dynamic_state" : {
                  "basestation_mode" : 4,
                  "faults" : 0,
                  "firmware_version" : 3002,
                  "gravity_vector" : [ 0.00787352771, 0.999938011, -0.00787352771 ],
                  "nonce" : 29829,
                  "reset_count" : 6,
                  "sobChannel" : 0
               },
               "first_id" : 1,
               "last_id" : 1,
               "tilt" : {
                  "pitch" : -0.0377921909,
                  "roll" : -0.0152014112,