{
   "base_stations" : [
      {
         "config" : {
            "baseCalibration" : [
               -0.057464599609375,
               0,
               0.2314453125,
               2.92578125,
               0.0006847381591796875,
               1.2197265625,
               -0.1822509765625,
               0.04742431640625,
               -0.0018529891967773438,
               0.474365234375,
               0.70361328125,
               -0.004222869873046875,
               2.6328125,
               -0.10675048828125
            ],
            "modelId" : 15,
            "ootxVersion" : 8,
            "serialNumber" : 4541212
         },
         "dynamic_states" : [
            {
               "dynamic_state" : {
                  "basestation_mode" : 4,
                  "faults" : 0,
                  "firmware_version" : 3002,
                  "gravity_vector" : [ -0.0157149397, 0.997898698, -0.0628597587 ],
                  "nonce" : 48970,
                  "reset_count" : 1,
                  "sobChannel" : 10
               },
               "first_id" : 1,
               "last_id" : 1,
               "tilt" : {
                  "pitch" : -0.0668202862,
                  "roll" : 0.0103140734,
                  "variance" : 8.85618192e-06
               },
               "time_last_seen" : "1737850476"
            },
            {
               "dynamic_state" : {
                  "basestation_mode" : 4,
                  "faults" : 0,
                  "firmware_version" : 3002,
                  "gravity_vector" : [ -0.0235796887, 0.998206854, -0.0550192744 ],
                  "nonce" : 24876,
                  "reset_count" : 1,
                  "sobChannel" : 10
               },
               "first_id" : 1,
               "last_id" : 1,
               "tilt" : {
                  "pitch" : 0.0956224576,
                  "roll" : -0.00695897499,
                  "variance" : 5.60513981e-05
               },
               "time_last_seen" : "1737852702"
            },
            {
               "dynamic_state" : {
                  "basestation_mode" : 4,
                  "faults" : 0,
                  "firmware_version" : 3002,
                  "gravity_vector" : [ 0, 0.999876022, 0.0157460794 ],
                  "nonce" : 64260,
                  "reset_count" : 1,
                  "sobChannel" : 10
               },
               "first_id" : 1,
               "last_id" : 1,
               "tilt" : {
                  "pitch" : -0.0248269029,
                  "roll" : 0.0280949734,
                  "variance" : 2.93145731e-05
               },
               "time_last_seen" : "1738444532"
            },
            {
               "dynamic_state" : {
                  "basestation_mode" : 4,
                  "faults" : 0,
                  "firmware_version" : 3002,
                  "gravity_vector" : [ 0, 0.999504387, 0.0314804539 ],
                  "nonce" : 62226,
                  "reset_count" : 1,
                  "sobChannel" : 10
               },
               "first_id" : 1,
               "last_id" : 1,
               "tilt" : {
                  "pitch" : -0.0980067626,
                  "roll" : -0.0747077167,
                  "variance" : 2.49759596e-05
               },
               "time_last_seen" : "1738453891"
            },
            {
               "dynamic_state" : {
                  "basestation_mode" : 4,
                  "faults" : 0,
                  "firmware_version" : 3002,
                  "gravity_vector" : [ 0, 0.999225974, 0.0393396057 ],
                  "nonce" : 36963,
                  "reset_count" : 1,
                  "sobChannel" : 10
               },
               "first_id" : 1,
               "last_id" : 1,
               "tilt" : {
                  "pitch" : 0.0700234696,
                  "roll" : 0.0138937468,
                  "variance" : 4.80147501e-05
               },
               "time_last_seen" : "1738457369"
            },
            {
               "dynamic_state" : {
                  "basestation_mode" : 4,
                  "faults" : 0,
                  "firmware_version" : 3002,
                  "gravity_vector" : [ 0.00786986947, 0.999473393, -0.0314794779 ],
                  "nonce" : 24676,
                  "reset_count" : 1,
                  "sobChannel" : 10
               },
               "first_id" : 1,
               "last_id" : 1,
               "tilt" : {
                  "pitch" : -0.0427960493,
                  "roll" : 0.015256674,
                  "variance" : 3.11114854e-05
               },
               "time_last_seen" : "1738728703"
            },
            {
               "dynamic_state" : {
                  "basestation_mode" : 4,
                  "faults" : 0,
                  "firmware_version" : 3002,
                  "gravity_vector" : [ -0.0236037616, 0.999225914, -0.0314716846 ],
                  "nonce" : 40686,
                  "reset_count" : 1,
                  "sobChannel" : 10
               },
               "first_id" : 1,
               "last_id" : 1,
               "tilt" : {
                  "pitch" : -0.030357426,
                  "roll" : 0.00954946317,
                  "variance" : 2.21535829e-05
               },
               "time_last_seen" : "1738729880"
            },
            {
               "dynamic_state" : {
                  "basestation_mode" : 4,
                  "faults" : 0,
                  "firmware_version" : 3002,
                  "gravity_vector" : [ -0.00787352771, 0.999938011, -0.00787352771 ],
                  "nonce" : 40686,
                  "reset_count" : 6,
                  "sobChannel" : 10
               },
               "first_id" : 1,
               "last_id" : 1,
               "tilt" : {
                  "pitch" : -0.0516171455,
                  "roll" : -0.000976404932,
                  "variance" : 3.66826644e-05
               },
               "time_last_seen" : "1738729935"
            },
            {
               "dynamic_state" : {
                  "basestation_mode" : 4,
                  "faults" : 0,
                  "firmware_version" : 3002,
                  "gravity_vector" : [ -0.0157460794, 0.999876022, 0 ],
                  "nonce" : 40686,
                  "reset_count" : 7,
                  "sobChannel" : 10
               },
               "first_id" : 1,
               "last_id" : 1,
               "tilt" : {
                  "pitch" : -0.208883658,
                  "roll" : -0.0291837864,
                  "variance" : 8.52953381e-05
               },
               "time_last_seen" : "1738730484"
            },
            {
               "dynamic_state" : {
                  "basestation_mode" : 4,
                  "faults" : 0,
                  "firmware_version" : 3002,
                  "gravity_vector" : [ -0.0236125328, 0.999597251, 0.0157416891 ],
                  "nonce" : 61764,
                  "reset_count" : 1,
                  "sobChannel" : 10
               },
               "first_id" : 1,
               "last_id" : 1,
               "tilt" : {
                  "pitch" : 0.0251463279,
                  "roll" : 0.0549314059,
                  "variance" : 5.99268969e-05
               },
               "time_last_seen" : "1739039951"
            }
         ]
      },
      {
         "config" : {
            "baseCalibration" : [
               -0.0592041015625,
               0,
               0.78271484375,
               2.927734375,
               0.0035839080810546875,
               2.27734375,
               -0.322998046875,
               0.048919677734375,
               -0.00015294551849365234,
               0.59619140625,
               0.81396484375,
               -0.006267547607421875,
               0.1453857421875,
               0.13525390625
            ],
            "modelId" : 15,
            "ootxVersion" : 8,