{
   "base_stations" : [
      {
         "config" : {
            "baseCalibration" : [
               -0.057464599609375,
               0,
               0.2314453125,
               2.92578125,
               0.0006847381591796875,
               1.2197265625,
               -0.1822509765625,
               0.04742431640625,
               -0.0018529891967773438,
               0.474365234375,
               0.70361328125,
               -0.004222869873046875,
               2.6328125,
               -0.10675048828125
            ],
            "modelId" : 15,
            "ootxVersion" : 8,
            "serialNumber" : 4541212
         },
         "dynamic_states" : [
            {
               "dynamic_state" : {
                  "basestation_mode" : 4,
                  "faults" : 0,
                  "firmware_version" : 3002,
                  "gravity_vector" : [ -0.00787352771, 0.999938011, -0.00787352771 ],
                  "nonce" : 64842,
                  "reset_count" : 17,
                  "sobChannel" : 10
               },
               "first_id" : 1,
               "last_id" : 1,
               "tilt" : {
                  "pitch" : -0.0159691684,
                  "roll" : 0.0309301354,
                  "variance" : 1.42850176e-05
               },
               "time_last_seen" : "1731789450"
            },
            {
               "dynamic_state" : {
                  "basestation_mode" : 4,
                  "faults" : 0,
                  "firmware_version" : 3002,
                  "gravity_vector" : [ -0.00787352771, 0.999938011, -0.00787352771 ],
                  "nonce" : 56957,
                  "reset_count" : 1,
                  "sobChannel" : 10
               },
               "first_id" : 1,
               "last_id" : 1,
               "tilt" : {
                  "pitch" : -0.0159691684,
                  "roll" : 0.0309301354,
                  "variance" : 39.4784203
               },
               "time_last_seen" : "1731792309"
            },
            {
               "dynamic_state" : {
                  "basestation_mode" : 4,
                  "faults" : 0,
                  "firmware_version" : 3002,
                  "gravity_vector" : [ 0, 0.999969006, -0.00787377171 ],
                  "nonce" : 56957,
                  "reset_count" : 3,
                  "sobChannel" : 10
               },
               "first_id" : 1,
               "last_id" : 1,
               "tilt" : {
                  "pitch" : -0.105235331,
                  "roll" : 0.0606699437,
                  "variance" : 2.07635949e-05
               },
               "time_last_seen" : "1731792772"
            },
            {
               "dynamic_state" : {
                  "basestation_mode" : 4,
                  "faults" : 0,
                  "firmware_version" : 3002,
                  "gravity_vector" : [ 0, 0.999969006, -0.00787377171 ],
                  "nonce" : 56957,
                  "reset_count" : 5,
                  "sobChannel" : 10
               },
               "first_id" : 1,
               "last_id" : 1,
               "tilt" : {
                  "pitch" : -0.0168661065,
                  "roll" : 0.0147994896,
                  "variance" : 1.19140659e-05
               },
               "time_last_seen" : "1731794120"
            },
            {
               "dynamic_state" : {
                  "basestation_mode" : 4,
                  "faults" : 0,
                  "firmware_version" : 3002,
                  "gravity_vector" : [ 0, 1, 0 ],
                  "nonce" : 56957,
                  "reset_count" : 12,
                  "sobChannel" : 10
               },
               "first_id" : 1,
               "last_id" : 1,
               "tilt" : {
                  "pitch" : -0.0168661065,
                  "roll" : 0.0147994896,
                  "variance" : 39.4784203
               },
               "time_last_seen" : "1731794293"
            },
            {
               "dynamic_state" : {
                  "basestation_mode" : 4,
                  "faults" : 0,
                  "firmware_version" : 3002,
                  "gravity_vector" : [ -0.00787352771, 0.999938011, -0.00787352771 ],
                  "nonce" : 56957,
                  "reset_count" : 14,
                  "sobChannel" : 10
               },
               "first_id" : 1,
               "last_id" : 1,
               "tilt" : {
                  "pitch" : -0.0254743006,
                  "roll" : 0.00379654998,
                  "variance" : 1.85356366e-05
               },
               "time_last_seen" : "1731794764"
            },
            {
               "dynamic_state" : {
                  "basestation_mode" : 4,
                  "faults" : 0,
                  "firmware_version" : 3002,
                  "gravity_vector" : [ -0.00787157658, 0.999690175, -0.0236147288 ],
                  "nonce" : 56957,
                  "reset_count" : 15,
                  "sobChannel" : 10
               },
               "first_id" : 1,
               "last_id" : 1,
               "tilt" : {
                  "pitch" : -0.0376378894,
                  "roll" : 0.0289469473,
                  "variance" : 1.74012002e-05
               },
               "time_last_seen" : "1731794861"
            },
            {
               "dynamic_state" : {
                  "basestation_mode" : 4,
                  "faults" : 0,
                  "firmware_version" : 3002,
                  "gravity_vector" : [ -0.0157441273, 0.999752104, -0.0157441273 ],
                  "nonce" : 56957,
                  "reset_count" : 17,
                  "sobChannel" : 10
               },
               "first_id" : 1,
               "last_id" : 1,
               "tilt" : {
                  "pitch" : -0.0262010619,
                  "roll" : 0.0132349385,
                  "variance" : 1.35800465e-05
               },
               "time_last_seen" : "1731797568"
            },
            {
               "dynamic_state" : {
                  "basestation_mode" : 4,
                  "faults" : 0,
                  "firmware_version" : 3002,
                  "gravity_vector" : [ -0.0236147288, 0.999690175, -0.00787157658 ],
                  "nonce" : 63348,
                  "reset_count" : 11,
                  "sobChannel" : 10
               },
               "first_id" : 1,
               "last_id" : 1,
               "tilt" : {
                  "pitch" : -0.0334427468,
                  "roll" : 0.0248769466,
                  "variance" : 1.55450277e-06
               },
               "time_last_seen" : "1732399743"
            },
            {
               "dynamic_state" : {
                  "basestation_mode" : 4,
                  "faults" : 0,
                  "firmware_version" : 3002,
                  "gravity_vector" : [ -0.0157441273, 0.999752104, -0.0157441273 ],
                  "nonce" : 37259,
                  "reset_count" : 1,
                  "sobChannel" : 10
               },
               "first_id" : 1,
               "last_id" : 1,
               "tilt" : {
                  "pitch" : -0.0334427468,
                  "roll" : 0.0248769466,
                  "variance" : 39.4784203
               },
               "time_last_seen" : "1732399846"
            }
         ]
      },
      {
         "config" : {
            "baseCalibration" : [
               -0.0592041015625,
               0,
               0.78271484375,
               2.927734375,
               0.0035839080810546875,
               2.27734375,
               -0.322998046875,
               0.048919677734375,
               -0.00015294551849365234,
               0.59619140625,
               0.81396484375,
               -0.006267547607421875,
               0.1453857421875,
               0.13525390625
            ],
            "modelId" : 15,
            "ootxVersion" : 8,