{
   "device_class" : "generic_tracker",
   "device_serial_number" : "LHR-A688CB30",
   "firmware_config" : {
      "remap_channel_13" : 6,
      "remap_channel_14" : 7,
      "remap_channel_15" : 8,
      "remap_channel_16" : 9,
      "remap_channel_17" : 10,
      "remap_channel_23" : 11,
      "remap_channel_24" : 12,
      "remap_channel_25" : 13,
      "remap_channel_26" : 14,
      "remap_channel_27" : 15,
      "remap_channel_28" : 16,
      "remap_channel_29" : 17,
      "remap_channel_4" : 2,
      "remap_channel_5" : 3,
      "remap_channel_6" : 4,
      "remap_channel_7" : 5,
      "sensor_enable" : "0xFFFFFFFF",
      "sensor_env_on_pin_a" : "0xFFFFFF00"
   },
   "head" : {
      "plus_x" : [ 1, 0, 0 ],
      "plus_z" : [ 0, 0, 1 ],
      "position" : [ 0, 0, 0 ]
   },
   "imu" : {
      "plus_x" : [ 0.040157785345831698, -0.031960816476036769, -0.99868207493931216 ],
      "plus_z" : [ 0.78140480358183417, -0.62191029879265614, 0.051323885123897739 ],
      "position" : [ -0.0024401757400482893, -0.010472819209098816, 0.014289959333837032 ]
   },
   "input_profile" : "{tundra_labs}/input/tundra_tracker_profile.json",
   "lighthouse_config" : {
      "channelMap" : [ 9, 10, 11, 12, 13, 14, 15, 16, 17, 0, 1, 2, 3, 4, 5, 6, 7, 8 ],
      "modelNormals" : [
         [ -0.701289654, 0.0858565271, 0.707687378 ],
         [ 0.0331553407, 0.998586297, 0.0415471457 ],
         [ -0.0271429475, 0.99875164, 0.041934073 ],
         [ -0.499308169, 0.500690877, 0.707106769 ],
         [ -0.99875164, 0.0271429475, 0.041934073 ],
         [ -0.998586297, -0.0331553407, 0.0415471457 ],
         [ -0.396552056, 0.915698946, 0.0651297346 ],
         [ -0.809017003, 1.79629523e-16, 0.587785244 ],
         [ 0.00223558443, -0.808403313, 0.588624775 ],
         [ 0.676755309, -0.202930525, 0.707687378 ],
         [ -0.0331553407, -0.998586297, 0.0415471457 ],
         [ 0.0271429475, -0.99875164, 0.041934073 ],
         [ 0.502069771, -0.497921646, 0.707106769 ],
         [ 0.99875164, -0.0271429475, 0.041934073 ],
         [ 0.998586297, 0.0331553407, 0.0415471457 ],
         [ 0.396552056, -0.915698946, 0.0651297346 ],
         [ 0.809017003, 1.49383842e-16, 0.587785244 ],
         [ 0.00222941348, 0.806171894, 0.591677189 ]
      ],
      "modelPoints" : [
         [ 0.00353623251, 0.0194622576, 0.01069766 ],
         [ 0.012785648, 0.0238724072, 0.00334803504 ],
         [ -0.0103844209, 0.0246231109, 0.00243628328 ],
         [ -0.0192884207, 0.0186595786, 0.00562008843 ],
         [ -0.0243371967, 0.0101196077, 0.00259735389 ],
         [ -0.0242262371, -0.0128528224, 0.00417492818 ],
         [ -0.0154008139, -0.0070786397, 0.0219842941 ],
         [ -0.0205788761, -0.0124816736, 0.0212548412 ],
         [ -0.0144320764, -0.0209593885, 0.0206927024 ],
         [ -0.00321874302, -0.0197594594, 0.0107838819 ],
         [ -0.0127182119, -0.0238859281, 0.00318750041 ],
         [ 0.010360023, -0.0244516414, 0.00222241273 ],
         [ 0.0192951299, -0.0186257884, 0.00589173893 ],
         [ 0.0242282245, -0.010262873, 0.00261129229 ],
         [ 0.0238855891, 0.0128789833, 0.00431899261 ],
         [ 0.0155268181, 0.00728543522, 0.0217441525 ],
         [ 0.0207460504, 0.0125980964, 0.0211686678 ],
         [ 0.0134807546, 0.0205180719, 0.0213561822 ]
      ]
   },
   "manufacturer" : "Tundra Labs",
   "model_number" : "Tundra Tracker",
   "render_model" : "{tundra_labs}tundra_tracker",
   "resource_root" : "tundra_labs",
   "revision" : 2
}
