{
   "device_class" : "generic_tracker",
   "device_serial_number" : "LHR-732AA606",
   "firmware_config" : {
      "remap_channel_13" : 6,
      "remap_channel_14" : 7,
      "remap_channel_15" : 8,
      "remap_channel_16" : 9,
      "remap_channel_17" : 10,
      "remap_channel_23" : 11,
      "remap_channel_24" : 12,
      "remap_channel_25" : 13,
      "remap_channel_26" : 14,
      "remap_channel_27" : 15,
      "remap_channel_28" : 16,
      "remap_channel_29" : 17,
      "remap_channel_4" : 2,
      "remap_channel_5" : 3,
      "remap_channel_6" : 4,
      "remap_channel_7" : 5,
      "sensor_enable" : "0xFFFFFFFF",
      "sensor_env_on_pin_a" : "0xFFFFFF00"
   },
   "head" : {
      "plus_x" : [ 1, 0, 0 ],
      "plus_z" : [ 0, 0, 1 ],
      "position" : [ 0, 0, 0 ]
   },
   "imu" : {
      "plus_x" : [ 0.040157785345831698, -0.031960816476036769, -0.99868207493931216 ],
      "plus_z" : [ 0.78140480358183417, -0.62191029879265614, 0.051323885123897739 ],
      "position" : [ -0.0024401757400482893, -0.010472819209098816, 0.014289959333837032 ]
   },
   "input_profile" : "{tundra_labs}/input/tundra_tracker_profile.json",
   "lighthouse_config" : {
      "channelMap" : [ 9, 10, 11, 12, 13, 14, 15, 16, 17, 0, 1, 2, 3, 4, 5, 6, 7, 8 ],
      "modelNormals" : [
         [ -0.701289654, 0.0858565271, 0.707687378 ],
         [ 0.0331553407, 0.998586297, 0.0415471457 ],
         [ -0.0271429475, 0.99875164, 0.041934073 ],
         [ -0.499308169, 0.500690877, 0.707106769 ],
         [ -0.99875164, 0.0271429475, 0.041934073 ],
         [ -0.998586297, -0.0331553407, 0.0415471457 ],
         [ -0.396552056, 0.915698946, 0.0651297346 ],
         [ -0.809017003, 1.79629523e-16, 0.587785244 ],
         [ 0.00223558443, -0.808403313, 0.588624775 ],
         [ 0.676755309, -0.202930525, 0.707687378 ],
         [ -0.0331553407, -0.998586297, 0.0415471457 ],
         [ 0.0271429475, -0.99875164, 0.041934073 ],
         [ 0.502069771, -0.497921646, 0.707106769 ],
         [ 0.99875164, -0.0271429475, 0.041934073 ],
         [ 0.998586297, 0.0331553407, 0.0415471457 ],
         [ 0.396552056, -0.915698946, 0.0651297346 ],
         [ 0.809017003, 1.49383842e-16, 0.587785244 ],
         [ 0.00222941348, 0.806171894, 0.591677189 ]
      ],
      "modelPoints" : [
         [ 0.00355210598, 0.0196351651, 0.0107422303 ],
         [ 0.0128804473, 0.0240742229, 0.00330349477 ],
         [ -0.0102487886, 0.0243700705, 0.00226958422 ],
         [ -0.0191013068, 0.0187936369, 0.00563905528 ],
         [ -0.0240828935, 0.0101953875, 0.00261712354 ],
         [ -0.0240922291, -0.0130190095, 0.004238714 ],
         [ -0.0153595526, -0.00695286551, 0.0217819102 ],
         [ -0.0205153879, -0.0127402358, 0.0211338103 ],
         [ -0.0139233787, -0.0210480988, 0.020629026 ],
         [ -0.00338346208, -0.0194860864, 0.0108919526 ],
         [ -0.0129884509, -0.0238972064, 0.00282614469 ],
         [ 0.0102098687, -0.0242453925, 0.00247500837 ],
         [ 0.0190981217, -0.0189466048, 0.00595101109 ],
         [ 0.024249915, -0.0103872856, 0.00266076485 ],
         [ 0.023217272, 0.0130249318, 0.00353878201 ],
         [ 0.0157276616, 0.00723712938, 0.0220414996 ],
         [ 0.0205911901, 0.0127915265, 0.0215237085 ],
         [ 0.0134335505, 0.0202694777, 0.0214574058 ]
      ]
   },
   "manufacturer" : "Tundra Labs",
   "model_number" : "Tundra Tracker",
   "render_model" : "{tundra_labs}tundra_tracker",
   "resource_root" : "tundra_labs",
   "revision" : 2
}
